Precip Type,Temperature (C),Apparent Temperature (C),Humidity,Wind Speed (km/h),Visibility (km),Pressure (millibars),,,,,,
snow,-0.827777778,-0.827777778,1,2.4955,1.0465,1027.68,,,,,,
snow,-1.577777778,-3.972222222,1,6.3756,0.322,1027.93,,,,,,
snow,-1.016666667,-3.8,1,7.6475,1.4168,1027.72,,,,,,
rain,6.205555556,3.966666667,0.96,10.7548,0.8855,1026.61,,,,,,
rain,6.222222222,4.005555556,0.96,10.6421,0.9016,1026.44,,,,,,
rain,6.205555556,3.905555556,0.96,11.0607,1.0626,1026.33,,,,,,
snow,-6.111111111,-11.55,0.88,13.3952,3.0751,1024.1,,,,,,
snow,-4.261111111,-4.261111111,0.92,3.7674,2.2218,1024.71,,,,,,
snow,-6.038888889,-11.53333333,0.89,13.685,3.0107,1023.99,,,,,,
rain,25.99444444,25.99444444,0.47,10.4489,11.2056,1013.59,,,,,,
rain,25.99444444,25.99444444,0.47,10.4489,11.2056,1013.59,,,,,,
rain,3.788888889,0.566666667,0.82,13.2825,8.3559,1019.32,,,,,,
rain,3.355555556,0.2,0.83,12.4131,9.0804,1019.2,,,,,,
rain,2.783333333,-0.3,0.84,11.4471,6.8747,1019.2,,,,,,
rain,2.177777778,-0.85,0.85,10.626,8.2915,1019.33,,,,,,
rain,1.622222222,-1.377777778,0.86,10.0786,8.0983,1019.54,,,,,,
rain,1.166666667,-1.838888889,0.88,9.7405,7.3094,1019.78,,,,,,
rain,0.822222222,-2.2,0.9,9.5795,9.6439,1020,,,,,,
rain,0.561111111,-2.5,0.92,9.5151,8.4686,1020.16,,,,,,
rain,0.327777778,-2.772222222,0.93,9.499,8.9355,1020.23,,,,,,
rain,0.077777778,-3.066666667,0.94,9.4829,9.8693,1020.2,,,,,,
snow,-0.216666667,-3.4,0.95,9.4346,7.406,1020.12,,,,,,
snow,-0.544444444,-3.772222222,0.96,9.3541,8.0661,1020.02,,,,,,
snow,-0.866666667,-4.144444444,0.96,9.338,6.6815,1019.94,,,,,,
snow,-1.111111111,-4.455555556,0.95,9.4185,4.5402,1019.93,,,,,,
snow,-1.183333333,-4.605555556,0.94,9.6278,5.6511,1020,,,,,,
snow,-1.027777778,-4.522222222,0.93,9.9981,3.7352,1020.13,,,,,,
snow,-0.605555556,-4.161111111,0.92,10.5455,4.1699,1020.29,,,,,,
rain,0.066666667,-3.538888889,0.9,11.3022,5.8604,1020.43,,,,,,
rain,0.922222222,-2.7,0.88,12.1555,4.8783,1020.52,,,,,,
rain,1.844444444,-1.755555556,0.87,13.0088,7.4543,1020.5,,,,,,
rain,2.705555556,-0.838888889,0.85,13.7172,8.0983,1020.37,,,,,,
rain,3.383333333,-0.077777778,0.84,14.1358,7.6636,1020.14,,,,,,
rain,3.794444444,0.411111111,0.83,14.2002,9.8854,1019.86,,,,,,
rain,3.883333333,0.577777778,0.83,13.9104,8.3076,1019.57,,,,,,
rain,3.683333333,0.438888889,0.82,13.2825,8.3398,1019.35,,,,,,
rain,3.25,0.072222222,0.83,12.4131,9.0643,1019.23,,,,,,
rain,2.677777778,-0.427777778,0.84,11.4632,6.8586,1019.23,,,,,,
rain,2.077777778,-0.966666667,0.85,10.6421,8.2754,1019.36,,,,,,
rain,1.527777778,-1.494444444,0.86,10.0786,8.0822,1019.57,,,,,,
rain,1.077777778,-1.95,0.88,9.7727,7.2933,1019.81,,,,,,
rain,0.733333333,-2.316666667,0.9,9.6117,9.6278,1020.03,,,,,,
rain,0.472222222,-2.611111111,0.92,9.5473,8.4525,1020.19,,,,,,
rain,0.244444444,-2.877777778,0.93,9.5312,8.9194,1020.26,,,,,,
snow,-0.005555556,-3.172222222,0.94,9.5151,9.8532,1020.24,,,,,,
snow,-0.3,-3.505555556,0.95,9.4507,7.3899,1020.15,,,,,,
snow,-0.627777778,-3.877777778,0.96,9.3863,8.05,1020.05,,,,,,
snow,-0.95,-4.25,0.96,9.3541,6.6654,1019.98,,,,,,
snow,-1.194444444,-4.561111111,0.95,9.4346,4.5241,1019.96,,,,,,
snow,-1.272222222,-4.711111111,0.94,9.6439,5.635,1020.03,,,,,,
snow,-1.116666667,-4.627777778,0.93,9.9981,3.7191,1020.16,,,,,,
snow,-0.694444444,-4.272222222,0.92,10.5455,4.1538,1020.32,,,,,,
snow,-0.027777778,-3.65,0.9,11.2861,5.8443,1020.46,,,,,,
rain,0.822222222,-2.816666667,0.88,12.1555,4.8622,1020.55,,,,,,
rain,1.744444444,-1.877777778,0.87,13.0088,7.4382,1020.53,,,,,,
rain,2.605555556,-0.961111111,0.85,13.7011,8.0822,1020.4,,,,,,
rain,3.283333333,-0.205555556,0.84,14.1358,7.6475,1020.17,,,,,,
rain,3.688888889,0.283333333,0.83,14.2002,9.8693,1019.89,,,,,,
rain,3.783333333,0.45,0.83,13.8943,8.2915,1019.6,,,,,,
rain,3.583333333,0.316666667,0.83,13.2664,8.3237,1019.38,,,,,,
rain,3.15,-0.05,0.83,12.4131,9.0482,1019.26,,,,,,
rain,2.583333333,-0.544444444,0.84,11.4632,6.8425,1019.27,,,,,,
rain,1.983333333,-1.077777778,0.85,10.626,8.2593,1019.39,,,,,,
rain,1.433333333,-1.6,0.86,10.0464,8.0661,1019.6,,,,,,
rain,0.988888889,-2.05,0.88,9.7405,7.2772,1019.84,,,,,,
rain,0.65,-2.422222222,0.9,9.6278,9.6117,1020.07,,,,,,
rain,0.388888889,-2.727777778,0.92,9.6278,8.4364,1020.22,,,,,,
rain,0.161111111,-3.005555556,0.93,9.6278,8.9033,1020.29,,,,,,
snow,-0.083333333,-3.294444444,0.94,9.6117,9.8371,1020.27,,,,,,
snow,-0.377777778,-3.627777778,0.95,9.5634,7.3738,1020.18,,,,,,
snow,-0.705555556,-3.994444444,0.96,9.4829,8.0339,1020.08,,,,,,
snow,-1.027777778,-4.366666667,0.96,9.4346,6.6493,1020.01,,,,,,
snow,-1.272222222,-4.672222222,0.95,9.4829,4.5241,1019.99,,,,,,
snow,-1.355555556,-4.816666667,0.94,9.66,5.635,1020.06,,,,,,
snow,-1.2,-4.727777778,0.93,9.9981,3.703,1020.19,,,,,,
snow,-0.783333333,-4.372222222,0.92,10.5455,4.1377,1020.35,,,,,,
snow,-0.116666667,-3.755555556,0.9,11.2861,5.8282,1020.5,,,,,,
rain,0.727777778,-2.927777778,0.88,12.1394,4.8461,1020.58,,,,,,
rain,1.644444444,-1.994444444,0.87,12.9927,7.4221,1020.56,,,,,,
rain,2.505555556,-1.077777778,0.85,13.7011,8.0661,1020.43,,,,,,
rain,3.183333333,-0.327777778,0.84,14.1197,7.6314,1020.2,,,,,,
rain,3.588888889,0.161111111,0.83,14.2002,9.8532,1019.92,,,,,,
rain,3.683333333,0.327777778,0.83,13.8943,8.2915,1019.64,,,,,,
rain,3.483333333,0.194444444,0.83,13.2664,8.3076,1019.41,,,,,,
rain,3.05,-0.166666667,0.83,12.397,9.0482,1019.29,,,,,,
rain,2.488888889,-0.655555556,0.84,11.4471,6.8264,1019.3,,,,,,
rain,1.888888889,-1.188888889,0.85,10.6099,8.2432,1019.42,,,,,,
rain,1.344444444,-1.7,0.87,10.0464,8.05,1019.63,,,,,,
rain,0.9,-2.15,0.88,9.7244,7.2772,1019.87,,,,,,
rain,0.566666667,-2.516666667,0.9,9.6117,9.5956,1020.1,,,,,,
rain,0.311111111,-2.827777778,0.92,9.6278,8.4203,1020.25,,,,,,
rain,0.083333333,-3.111111111,0.93,9.6922,8.8872,1020.32,,,,,,
snow,-0.161111111,-3.405555556,0.94,9.6922,9.821,1020.3,,,,,,
snow,-0.45,-3.738888889,0.95,9.6439,7.3577,1020.21,,,,,,
snow,-0.783333333,-4.105555556,0.96,9.5473,8.0178,1020.11,,,,,,
snow,-1.105555556,-4.472222222,0.96,9.4829,6.6493,1020.04,,,,,,
snow,-1.35,-4.772222222,0.95,9.5151,4.508,1020.02,,,,,,
snow,-1.433333333,-4.916666667,0.94,9.6761,5.6189,1020.09,,,,,,
snow,-1.283333333,-4.827777778,0.93,9.9981,3.703,1020.22,,,,,,
snow,-0.866666667,-4.472222222,0.92,10.5294,4.1216,1020.38,,,,,,
snow,-0.205555556,-3.861111111,0.9,11.27,5.8282,1020.53,,,,,,
rain,0.638888889,-3.038888889,0.88,12.1233,4.83,1020.61,,,,,,
rain,1.555555556,-2.105555556,0.87,12.9927,7.4221,1020.59,,,,,,
rain,2.411111111,-1.194444444,0.85,13.7011,8.05,1020.46,,,,,,
rain,3.083333333,-0.444444444,0.84,14.1358,7.6314,1020.23,,,,,,
rain,3.488888889,0.038888889,0.83,14.2002,9.8371,1019.95,,,,,,
rain,3.588888889,0.211111111,0.83,13.8943,8.2754,1019.67,,,,,,
rain,3.388888889,0.077777778,0.83,13.2664,8.3076,1019.44,,,,,,
rain,2.955555556,-0.272222222,0.83,12.3809,9.0321,1019.32,,,,,,
rain,2.394444444,-0.755555556,0.84,11.4149,6.8103,1019.33,,,,,,
rain,1.8,-1.283333333,0.85,10.5777,8.2271,1019.45,,,,,,
rain,1.261111111,-1.794444444,0.87,9.9981,8.0339,1019.66,,,,,,
rain,0.816666667,-2.238888889,0.88,9.6922,7.2611,1019.9,,,,,,
rain,0.483333333,-2.611111111,0.9,9.5956,9.5795,1020.13,,,,,,
rain,0.233333333,-2.922222222,0.92,9.6439,8.4203,1020.28,,,,,,
rain,0.011111111,-3.205555556,0.93,9.7083,8.8872,1020.35,,,,,,
rain,1.472222222,-1.411111111,0.94,9.499,10.3523,1019.69,,,,,,
rain,1.161111111,-1.777777778,0.95,9.499,7.889,1019.61,,,,,,
rain,0.827777778,-2.166666667,0.95,9.4829,8.5491,1019.51,,,,,,
rain,0.522222222,-2.533333333,0.95,9.4668,7.1645,1019.43,,,,,,
rain,0.311111111,-2.8,0.95,9.5312,5.0232,1019.42,,,,,,
rain,0.277777778,-2.888888889,0.94,9.7083,6.1341,1019.48,,,,,,
rain,0.483333333,-2.733333333,0.92,10.0625,4.2182,1019.61,,,,,,
rain,0.961111111,-2.3,0.91,10.626,4.6529,1019.78,,,,,,
rain,1.694444444,-1.594444444,0.89,11.3666,6.3434,1019.92,,,,,,
rain,2.6,-0.677777778,0.87,12.236,5.3452,1020,,,,,,
rain,3.572222222,0.344444444,0.85,13.0732,7.9212,1019.99,,,,,,
rain,4.477777778,1.322222222,0.83,13.7494,8.5652,1019.86,,,,,,
rain,5.183333333,2.127777778,0.82,14.1358,8.1305,1019.63,,,,,,
rain,5.605555556,2.638888889,0.81,14.168,10.3523,1019.35,,,,,,
rain,5.694444444,2.805555556,0.8,13.8138,8.7745,1019.07,,,,,,
rain,5.477777778,2.65,0.8,13.1215,8.8067,1018.84,,,,,,
rain,5.011111111,2.244444444,0.81,12.236,9.5312,1018.72,,,,,,
rain,4.394444444,1.677777778,0.82,11.3022,7.3094,1018.73,,,,,,
rain,3.738888889,1.061111111,0.83,10.4972,8.7262,1018.85,,,,,,
rain,3.133333333,0.466666667,0.85,9.9176,8.533,1019.06,,,,,,
rain,2.622222222,-0.061111111,0.87,9.5795,7.7602,1019.31,,,,,,
rain,2.222222222,-0.5,0.89,9.4346,10.0786,1019.53,,,,,,
rain,1.911111111,-0.872222222,0.91,9.4185,8.9033,1019.69,,,,,,
rain,1.638888889,-1.205555556,0.93,9.4668,9.3702,1019.75,,,,,,
snow,-0.233333333,-3.505555556,0.94,9.7405,9.8049,1020.33,,,,,,
snow,-0.527777778,-3.838888889,0.95,9.6922,7.3416,1020.25,,,,,,
snow,-0.855555556,-4.205555556,0.96,9.5956,8.0017,1020.14,,,,,,
snow,-1.183333333,-4.572222222,0.96,9.5151,6.6332,1020.07,,,,,,
snow,-1.427777778,-4.866666667,0.95,9.5312,4.4919,1020.06,,,,,,
snow,-1.511111111,-5.011111111,0.94,9.6761,5.6028,1020.12,,,,,,
snow,-1.361111111,-4.922222222,0.93,9.982,3.6869,1020.25,,,,,,
snow,-0.95,-4.566666667,0.92,10.5133,4.1216,1020.41,,,,,,
snow,-0.288888889,-3.961111111,0.9,11.2539,5.8121,1020.56,,,,,,
rain,0.55,-3.138888889,0.88,12.1233,4.83,1020.64,,,,,,
rain,1.461111111,-2.211111111,0.87,12.9766,7.406,1020.62,,,,,,
rain,2.316666667,-1.305555556,0.85,13.685,8.0339,1020.49,,,,,,
rain,2.994444444,-0.555555556,0.84,14.1197,7.6153,1020.26,,,,,,
rain,3.4,-0.072222222,0.83,14.2002,9.8371,1019.98,,,,,,
rain,3.494444444,0.1,0.83,13.8782,8.2593,1019.7,,,,,,
rain,3.294444444,-0.027777778,0.83,13.2342,8.2915,1019.47,,,,,,
rain,2.866666667,-0.372222222,0.83,12.3165,9.016,1019.35,,,,,,
rain,2.305555556,-0.844444444,0.84,11.3344,6.8103,1019.36,,,,,,
rain,1.716666667,-1.366666667,0.85,10.4811,8.2271,1019.48,,,,,,
rain,1.177777778,-1.872222222,0.87,9.9176,8.0339,1019.69,,,,,,
rain,0.738888889,-2.322222222,0.88,9.6439,7.245,1019.94,,,,,,
rain,0.411111111,-2.694444444,0.9,9.5795,9.5795,1020.16,,,,,,
rain,0.155555556,-3.011111111,0.92,9.6439,8.4042,1020.32,,,,,,
snow,-0.066666667,-3.3,0.93,9.7244,8.8711,1020.38,,,,,,
snow,-0.305555556,-3.6,0.94,9.7566,9.8049,1020.36,,,,,,
snow,-0.594444444,-3.927777778,0.95,9.7083,7.3416,1020.28,,,,,,
snow,-0.927777778,-4.294444444,0.96,9.5956,8.0017,1020.17,,,,,,
snow,-1.25,-4.655555556,0.96,9.5151,6.6332,1020.1,,,,,,
snow,-1.5,-4.955555556,0.95,9.5312,4.4919,1020.09,,,,,,
snow,-1.583333333,-5.1,0.94,9.6761,5.6028,1020.15,,,,,,
snow,-1.438888889,-5.011111111,0.93,9.982,3.6708,1020.28,,,,,,
snow,-1.033333333,-4.661111111,0.92,10.5133,4.1055,1020.44,,,,,,
snow,-0.372222222,-4.055555556,0.9,11.2378,5.796,1020.59,,,,,,
rain,0.466666667,-3.238888889,0.89,12.1072,4.8139,1020.67,,,,,,
rain,1.377777778,-2.316666667,0.87,12.9605,7.3899,1020.65,,,,,,
rain,2.227777778,-1.411111111,0.85,13.6689,8.0339,1020.52,,,,,,
rain,2.905555556,-0.661111111,0.84,14.1036,7.5992,1020.29,,,,,,
rain,3.311111111,-0.177777778,0.83,14.168,9.821,1020.01,,,,,,
rain,3.405555556,-0.005555556,0.83,13.8621,8.2593,1019.73,,,,,,
rain,3.205555556,-0.127777778,0.83,13.1859,8.2915,1019.5,,,,,,
rain,2.783333333,-0.461111111,0.83,12.2521,9.016,1019.38,,,,,,
rain,2.222222222,-0.922222222,0.84,11.2056,6.7942,1019.39,,,,,,
rain,1.633333333,-1.427777778,0.85,10.3523,8.211,1019.51,,,,,,
rain,1.1,-1.933333333,0.87,9.7888,8.0178,1019.72,,,,,,
rain,0.661111111,-2.383333333,0.88,9.5312,7.245,1019.97,,,,,,
rain,0.333333333,-2.761111111,0.9,9.499,9.5634,1020.19,,,,,,
rain,0.088888889,-3.088888889,0.92,9.6117,8.4042,1020.35,,,,,,
snow,-0.133333333,-3.388888889,0.93,9.7405,8.8711,1020.41,,,,,,
snow,-0.377777778,-3.683333333,0.94,9.7727,9.7888,1020.39,,,,,,
snow,-0.666666667,-4,0.95,9.6761,7.3255,1020.31,,,,,,
snow,-0.994444444,-4.361111111,0.96,9.5473,7.9856,1020.21,,,,,,
snow,-1.322222222,-4.722222222,0.96,9.4668,6.6171,1020.13,,,,,,
snow,-1.572222222,-5.033333333,0.95,9.5151,4.4758,1020.12,,,,,,
snow,-1.655555556,-5.183333333,0.94,9.6761,5.5867,1020.18,,,,,,
snow,-1.516666667,-5.1,0.93,9.982,3.6708,1020.31,,,,,,
snow,-1.105555556,-4.75,0.92,10.4972,4.1055,1020.47,,,,,,
snow,-0.45,-4.144444444,0.9,11.2217,5.796,1020.62,,,,,,
rain,0.383333333,-3.333333333,0.89,12.075,4.8139,1020.7,,,,,,
rain,1.294444444,-2.411111111,0.87,12.9283,7.3899,1020.68,,,,,,
rain,2.144444444,-1.505555556,0.85,13.6367,8.0339,1020.55,,,,,,
rain,2.816666667,-0.761111111,0.84,14.0714,7.5992,1020.33,,,,,,
rain,3.222222222,-0.277777778,0.83,14.1358,9.821,1020.04,,,,,,
rain,3.322222222,-0.105555556,0.83,13.8138,8.2432,1019.76,,,,,,
rain,3.122222222,-0.222222222,0.83,13.1376,8.2754,1019.54,,,,,,
rain,2.7,-0.544444444,0.83,12.1716,8.9999,1019.42,,,,,,
rain,2.144444444,-0.988888889,0.84,11.0768,6.7942,1019.42,,,,,,
rain,1.555555556,-1.483333333,0.85,10.1752,8.211,1019.54,,,,,,
rain,1.022222222,-1.977777778,0.87,9.6278,8.0178,1019.75,,,,,,
rain,0.588888889,-2.427777778,0.88,9.3702,7.2289,1020,,,,,,
rain,0.266666667,-2.805555556,0.9,9.3541,9.5634,1020.22,,,,,,
rain,0.016666667,-3.127777778,0.91,9.4668,8.3881,1020.38,,,,,,
snow,-0.2,-3.461111111,0.93,9.7244,8.855,1020.44,,,,,,
snow,-0.438888889,-3.688888889,0.94,9.499,9.7888,1020.42,,,,,,
snow,-0.727777778,-4.011111111,0.95,9.4346,7.3255,1020.34,,,,,,
snow,-1.061111111,-4.377777778,0.96,9.338,7.9856,1020.24,,,,,,
snow,-1.388888889,-4.755555556,0.96,9.3058,6.6171,1020.16,,,,,,
snow,-1.638888889,-5.077777778,0.95,9.3863,4.4758,1020.15,,,,,,
snow,-1.727777778,-5.25,0.94,9.6278,5.5867,1020.21,,,,,,
snow,-1.583333333,-5.177777778,0.93,9.9498,3.6708,1020.34,,,,,,
snow,-1.183333333,-4.833333333,0.92,10.4811,4.1055,1020.5,,,,,,
snow,-0.527777778,-4.233333333,0.9,11.2056,5.796,1020.65,,,,,,
rain,0.305555556,-3.422222222,0.89,12.075,4.7978,1020.73,,,,,,
rain,1.216666667,-2.505555556,0.87,12.9283,7.3899,1020.71,,,,,,
rain,2.066666667,-1.605555556,0.85,13.6206,8.0178,1020.58,,,,,,
rain,2.738888889,-0.861111111,0.84,14.0553,7.5992,1020.36,,,,,,
rain,3.144444444,-0.377777778,0.83,14.1358,9.821,1020.07,,,,,,
rain,3.238888889,-0.2,0.83,13.8138,8.2432,1019.79,,,,,,
rain,3.044444444,-0.316666667,0.83,13.1376,8.2754,1019.57,,,,,,
rain,2.622222222,-0.638888889,0.83,12.1394,8.9999,1019.45,,,,,,
rain,2.066666667,-1.055555556,0.84,10.9641,6.7781,1019.45,,,,,,
rain,1.483333333,-1.533333333,0.85,10.0303,8.1949,1019.58,,,,,,
rain,0.95,-2.027777778,0.87,9.4829,8.0017,1019.79,,,,,,
rain,0.516666667,-2.472222222,0.88,9.2253,7.2289,1020.03,,,,,,
rain,0.194444444,-2.833333333,0.9,9.1609,9.5634,1020.25,,,,,,
snow,-0.05,-3.105555556,0.91,9.0965,8.3881,1020.41,,,,,,
snow,-0.266666667,-3.411111111,0.93,9.2736,8.855,1020.48,,,,,,
snow,-0.505555556,-3.716666667,0.94,9.338,9.7888,1020.45,,,,,,
snow,-0.794444444,-4.044444444,0.95,9.2897,7.3255,1020.37,,,,,,
snow,-1.122222222,-4.411111111,0.95,9.1931,7.9856,1020.27,,,,,,
snow,-1.45,-4.783333333,0.96,9.1448,6.601,1020.19,,,,,,
snow,-1.7,-5.122222222,0.95,9.2736,4.4597,1020.18,,,,,,
snow,-1.794444444,-5.316666667,0.94,9.5634,5.5706,1020.24,,,,,,
snow,-1.655555556,-5.25,0.93,9.9337,3.6547,1020.37,,,,,,
snow,-1.25,-4.916666667,0.92,10.465,4.0894,1020.54,,,,,,
snow,-0.6,-4.322222222,0.9,11.2056,5.7799,1020.68,,,,,,
rain,0.233333333,-3.516666667,0.89,12.075,4.7978,1020.76,,,,,,
rain,1.138888889,-2.6,0.87,12.9283,7.3738,1020.75,,,,,,
rain,1.988888889,-1.7,0.85,13.6528,8.0178,1020.62,,,,,,
rain,2.661111111,-0.961111111,0.84,14.0875,7.5831,1020.39,,,,,,
rain,3.066666667,-0.477777778,0.83,14.168,9.8049,1020.11,,,,,,
rain,3.161111111,-0.305555556,0.83,13.8621,8.2432,1019.82,,,,,,
rain,2.966666667,-0.427777778,0.83,13.2181,8.2754,1019.6,,,,,,
rain,2.544444444,-0.744444444,0.83,12.2199,8.9999,1019.48,,,,,,
rain,1.994444444,-1.144444444,0.84,10.9641,6.7781,1019.48,,,,,,
rain,1.411111111,-1.611111111,0.85,9.9981,8.1949,1019.61,,,,,,
rain,0.877777778,-2.111111111,0.87,9.4829,8.0017,1019.82,,,,,,
rain,0.45,-2.561111111,0.88,9.2736,7.2289,1020.06,,,,,,
rain,0.133333333,-2.95,0.9,9.3058,9.5473,1020.28,,,,,,
snow,-0.111111111,-3.255555556,0.91,9.3541,8.3881,1020.44,,,,,,
snow,-0.327777778,-3.522222222,0.93,9.4024,8.855,1020.51,,,,,,
snow,-0.566666667,-3.8,0.94,9.3863,9.7727,1020.49,,,,,,
snow,-0.855555556,-4.116666667,0.95,9.2897,7.3255,1020.4,,,,,,
snow,-1.183333333,-4.466666667,0.95,9.1448,7.9695,1020.3,,,,,,
snow,-1.511111111,-4.833333333,0.95,9.0804,6.601,1020.23,,,,,,
snow,-1.766666667,-5.177777778,0.95,9.2253,4.4597,1020.21,,,,,,
snow,-1.855555556,-5.394444444,0.94,9.5795,5.5706,1020.28,,,,,,
snow,-1.722222222,-5.327777778,0.93,9.9337,3.6547,1020.41,,,,,,
snow,-1.316666667,-4.994444444,0.92,10.465,4.0894,1020.57,,,,,,
snow,-0.666666667,-4.4,0.9,11.2056,5.7799,1020.71,,,,,,
rain,0.161111111,-3.6,0.89,12.075,4.7978,1020.8,,,,,,
rain,1.066666667,-2.688888889,0.87,12.9444,7.3738,1020.78,,,,,,
rain,1.916666667,-1.794444444,0.85,13.6689,8.0178,1020.65,,,,,,
rain,2.583333333,-1.055555556,0.84,14.1197,7.5831,1020.42,,,,,,
rain,2.988888889,-0.572222222,0.83,14.2002,9.8049,1020.14,,,,,,
rain,3.088888889,-0.4,0.83,13.8943,8.2432,1019.85,,,,,,
rain,2.894444444,-0.527777778,0.83,13.2825,8.2593,1019.63,,,,,,
rain,2.472222222,-0.861111111,0.83,12.3648,8.9999,1019.51,,,,,,
rain,1.922222222,-1.25,0.84,11.0446,6.7781,1019.52,,,,,,
rain,1.344444444,-1.711111111,0.85,10.0625,8.1949,1019.64,,,,,,
rain,0.816666667,-2.222222222,0.86,9.6117,8.0017,1019.85,,,,,,
rain,0.388888889,-2.7,0.88,9.499,7.2289,1020.09,,,,,,
rain,0.072222222,-3.105555556,0.9,9.5956,9.5473,1020.32,,,,,,
snow,-0.172222222,-3.4,0.91,9.6278,8.3881,1020.47,,,,,,
snow,-0.388888889,-3.638888889,0.93,9.5634,8.855,1020.54,,,,,,
snow,-0.622222222,-3.888888889,0.94,9.4507,9.7727,1020.52,,,,,,
snow,-0.911111111,-4.183333333,0.95,9.2897,7.3094,1020.43,,,,,,
snow,-1.244444444,-4.522222222,0.95,9.1126,7.9695,1020.33,,,,,,
snow,-1.572222222,-4.883333333,0.95,8.9999,6.601,1020.26,,,,,,
snow,-1.822222222,-5.227777778,0.95,9.1448,4.4597,1020.24,,,,,,
snow,-1.916666667,-5.466666667,0.94,9.5956,5.5706,1020.31,,,,,,
snow,-1.783333333,-5.405555556,0.93,9.9337,3.6547,1020.44,,,,,,
snow,-1.383333333,-5.072222222,0.92,10.4489,4.0894,1020.6,,,,,,
snow,-0.733333333,-4.483333333,0.9,11.2056,5.7799,1020.75,,,,,,
rain,0.094444444,-3.683333333,0.88,12.075,4.7978,1020.83,,,,,,
rain,1,-2.772222222,0.87,12.9605,7.3738,1020.81,,,,,,
rain,1.844444444,-1.883333333,0.85,13.6689,8.0178,1020.68,,,,,,
rain,2.516666667,-1.138888889,0.84,14.1197,7.5831,1020.45,,,,,,
rain,2.916666667,-0.661111111,0.83,14.1841,9.8049,1020.17,,,,,,
rain,3.016666667,-0.488888889,0.83,13.8943,8.2432,1019.89,,,,,, 
rain,2.822222222,-0.611111111,0.83,13.2986,8.2593,1019.66,,,,,,
rain,2.405555556,-0.961111111,0.83,12.4614,8.9999,1019.54,,,,,,
rain,1.855555556,-1.35,0.84,11.1573,6.7781,1019.55,,,,,,
rain,1.277777778,-1.811111111,0.85,10.1591,8.1949,1019.67,,,,,,
rain,0.75,-2.327777778,0.86,9.7244,8.0017,1019.88,,,,,,
rain,0.327777778,-2.805555556,0.88,9.6117,7.2289,1020.12,,,,,,
rain,0.011111111,-3.188888889,0.9,9.66,9.5473,1020.35,,,,,,
snow,-0.227777778,-3.477777778,0.91,9.66,8.3881,1020.5,,,,,,
snow,-0.444444444,-3.711111111,0.93,9.5795,8.855,1020.57,,,,,,
snow,-0.677777778,-3.955555556,0.94,9.4507,9.7727,1020.55,,,,,,
snow,-0.966666667,-4.244444444,0.95,9.2575,7.3094,1020.47,,,,,,
snow,-1.294444444,-4.577777778,0.95,9.0643,7.9695,1020.36,,,,,,
snow,-1.627777778,-4.927777778,0.95,8.9355,6.601,1020.29,,,,,,
snow,-1.883333333,-5.272222222,0.95,9.0804,4.4597,1020.28,,,,,,
snow,-1.977777778,-5.533333333,0.94,9.5795,5.5706,1020.34,,,,,,
snow,-1.844444444,-5.472222222,0.93,9.9176,3.6547,1020.47,,,,,,
snow,-1.444444444,-5.144444444,0.92,10.4489,4.0894,1020.63,,,,,,
snow,-0.8,-4.555555556,0.9,11.1895,5.7799,1020.78,,,,,,
rain,0.027777778,-3.761111111,0.88,12.075,4.7978,1020.86,,,,,,
rain,0.933333333,-2.85,0.87,12.9283,7.3738,1020.84,,,,,,
rain,1.777777778,-1.961111111,0.85,13.6528,8.0178,1020.71,,,,,,
rain,2.45,-1.216666667,0.84,14.0875,7.5831,1020.48,,,,,,
rain,2.85,-0.738888889,0.83,14.168,9.8049,1020.2,,,,,,
rain,2.95,-0.566666667,0.83,13.8782,8.2432,1019.92,,,,,,
rain,2.761111111,-0.694444444,0.83,13.2825,8.2593,1019.69,,,,,,
rain,2.338888889,-1.05,0.83,12.4936,8.9999,1019.57,,,,,,
rain,1.794444444,-1.455555556,0.84,11.2861,6.7781,1019.58,,,,,,
rain,1.216666667,-1.916666667,0.85,10.2879,8.1949,1019.7,,,,,,
rain,0.694444444,-2.433333333,0.86,9.8532,8.0017,1019.91,,,,,,
rain,0.272222222,-2.894444444,0.88,9.7083,7.2289,1020.16,,,,,,
snow,-0.044444444,-3.261111111,0.9,9.6761,9.5473,1020.38,,,,,,
snow,-0.283333333,-3.538888889,0.91,9.6439,8.3881,1020.54,,,,,,
snow,-0.494444444,-3.772222222,0.93,9.5795,8.855,1020.6,,,,,,
snow,-0.733333333,-4.011111111,0.94,9.4346,9.7727,1020.58,,,,,,
snow,-1.016666667,-4.3,0.95,9.2414,7.3094,1020.5,,,,,,
snow,-1.35,-4.638888889,0.95,9.0482,7.9695,1020.39,,,,,,
snow,-1.677777778,-4.988888889,0.95,8.9355,6.601,1020.32,,,,,,
snow,-1.933333333,-5.338888889,0.95,9.0804,4.4597,1020.31,,,,,,
snow,-2.033333333,-5.588888889,0.94,9.5473,5.5706,1020.37,,,,,,
snow,-1.9,-5.538888889,0.93,9.9176,3.6547,1020.5,,,,,,
snow,-1.5,-5.205555556,0.92,10.4328,4.0894,1020.66,,,,,,
snow,-0.855555556,-4.622222222,0.9,11.1734,5.7799,1020.81,,,,,,
snow,-0.027777778,-3.827777778,0.88,12.0428,4.7978,1020.89,,,,,,
rain,0.872222222,-2.916666667,0.87,12.8961,7.3738,1020.87,,,,,,
rain,1.716666667,-2.027777778,0.85,13.6045,8.0178,1020.74,,,,,,
rain,2.383333333,-1.288888889,0.84,14.0392,7.5831,1020.51,,,,,,
rain,2.788888889,-0.805555556,0.83,14.1358,9.8049,1020.23,,,,,,
rain,2.888888889,-0.638888889,0.83,13.8621,8.2432,1019.95,,,,,,
rain,2.7,-0.766666667,0.83,13.2825,8.2754,1019.72,,,,,,
rain,2.283333333,-1.122222222,0.83,12.4936,8.9999,1019.6,,,,,,
rain,1.733333333,-1.544444444,0.84,11.3666,6.7781,1019.61,,,,,,
rain,1.161111111,-2.011111111,0.85,10.4006,8.1949,1019.73,,,,,,
rain,0.638888889,-2.511111111,0.86,9.9015,8.0017,1019.94,,,,,,
rain,0.216666667,-2.95,0.88,9.66,7.2289,1020.19,,,,,,
snow,-0.094444444,-3.3,0.9,9.5795,9.5634,1020.41,,,,,,
snow,-0.333333333,-3.588888889,0.91,9.6117,8.3881,1020.57,,,,,,
snow,-0.544444444,-3.833333333,0.93,9.5795,8.855,1020.63,,,,,,
snow,-0.783333333,-4.066666667,0.94,9.4024,9.7727,1020.61,,,,,,
snow,-1.066666667,-4.35,0.95,9.2253,7.3255,1020.53,,,,,,
snow,-1.4,-4.694444444,0.95,9.0482,7.9856,1020.43,,,,,,
snow,-1.727777778,-5.061111111,0.95,8.9677,6.601,1020.35,,,,,,
snow,-1.988888889,-5.405555556,0.95,9.1126,4.4597,1020.34,,,,,,
snow,-2.083333333,-5.638888889,0.94,9.499,5.5706,1020.4,,,,,,
snow,-1.95,-5.594444444,0.93,9.8854,3.6547,1020.53,,,,,,
snow,-1.555555556,-5.266666667,0.92,10.4167,4.0894,1020.69,,,,,,
snow,-0.911111111,-4.683333333,0.9,11.1412,5.7799,1020.84,,,,,,
snow,-0.088888889,-3.888888889,0.88,11.9945,4.7978,1020.92,,,,,,
rain,0.811111111,-2.977777778,0.87,12.8478,7.3899,1020.9,,,,,,
rain,1.655555556,-2.088888889,0.85,13.5562,8.0178,1020.77,,,,,,
rain,2.327777778,-1.35,0.84,13.9909,7.5992,1020.55,,,,,,
rain,2.733333333,-0.872222222,0.83,14.0875,9.821,1020.26,,,,,,
rain,2.827777778,-0.705555556,0.83,13.8299,8.2432,1019.98,,,,,,
rain,2.638888889,-0.827777778,0.83,13.2503,8.2754,1019.76,,,,,,
rain,2.222222222,-1.172222222,0.83,12.4131,8.9999,1019.63,,,,,,
rain,1.677777778,-1.6,0.84,11.3183,6.7781,1019.64,,,,,,
rain,1.105555556,-2.072222222,0.85,10.3845,8.211,1019.76,,,,,,
rain,0.583333333,-2.55,0.86,9.821,8.0178,1019.97,,,,,,
rain,0.166666667,-2.966666667,0.88,9.499,7.2289,1020.22,,,,,,
snow,-0.144444444,-3.288888889,0.89,9.338,9.5634,1020.44,,,,,,
snow,-0.383333333,-3.544444444,0.91,9.2575,8.3881,1020.6,,,,,,
snow,-0.594444444,-3.766666667,0.93,9.1448,8.855,1020.66,,,,,,
rain,1.355555556,-1.55,0.94,9.5151,10.304,1019.73,,,,,,
rain,1.05,-1.916666667,0.95,9.5151,7.8407,1019.65,,,,,,
rain,0.716666667,-2.305555556,0.95,9.4829,8.5008,1019.55,,,,,,
rain,0.411111111,-2.666666667,0.95,9.4668,7.1162,1019.47,,,,,,
rain,0.194444444,-2.938888889,0.95,9.5312,4.9749,1019.46,,,,,,
rain,0.155555556,-3.033333333,0.94,9.7083,6.0858,1019.52,,,,,,
rain,0.361111111,-2.883333333,0.93,10.0625,4.1699,1019.65,,,,,,
rain,0.833333333,-2.455555556,0.91,10.626,4.6046,1019.82,,,,,,
rain,1.561111111,-1.755555556,0.89,11.3666,6.279,1019.96,,,,,,
rain,2.461111111,-0.844444444,0.87,12.236,5.2969,1020.05,,,,,,
rain,3.427777778,0.166666667,0.85,13.0732,7.8729,1020.03,,,,,,
rain,4.327777778,1.144444444,0.83,13.7494,8.5169,1019.9,,,,,,
rain,5.033333333,1.938888889,0.82,14.1519,8.0822,1019.67,,,,,,
rain,5.455555556,2.45,0.81,14.2002,10.304,1019.39,,,,,,
rain,5.544444444,2.616666667,0.81,13.846,8.7262,1019.11,,,,,,
rain,5.327777778,2.461111111,0.81,13.1859,8.7584,1018.88,,,,,,
rain,4.861111111,2.05,0.81,12.3004,9.4829,1018.76,,,,,,
rain,4.255555556,1.488888889,0.82,11.3827,7.2611,1018.77,,,,,,
rain,3.605555556,0.877777778,0.84,10.5777,8.6779,1018.89,,,,,,
rain,3,0.288888889,0.85,9.982,8.4847,1019.1,,,,,,
rain,2.494444444,-0.227777778,0.87,9.6278,7.7119,1019.35,,,,,,
rain,2.1,-0.655555556,0.89,9.4668,10.0303,1019.57,,,,,,
rain,1.788888889,-1.016666667,0.91,9.4346,8.855,1019.73,,,,,,
rain,1.522222222,-1.35,0.93,9.4829,9.3219,1019.79,,,,,,
snow,-0.827777778,-4.005555556,0.94,9.016,9.7888,1020.64,,,,,,
snow,-1.116666667,-4.327777778,0.95,8.9677,7.3255,1020.56,,,,,,
snow,-1.444444444,-4.705555556,0.95,8.9033,7.9856,1020.46,,,,,,
snow,-1.777777778,-5.094444444,0.95,8.8872,6.6171,1020.38,,,,,,
snow,-2.033333333,-5.455555556,0.95,9.0804,4.4758,1020.37,,,,,,
snow,-2.133333333,-5.688888889,0.94,9.4668,5.5867,1020.43,,,,,,
snow,-2.005555556,-5.65,0.93,9.8693,3.6708,1020.56,,,,,,
snow,-1.611111111,-5.322222222,0.92,10.3845,4.1055,1020.72,,,,,,
snow,-0.966666667,-4.733333333,0.9,11.0929,5.796,1020.87,,,,,,
snow,-0.138888889,-3.933333333,0.88,11.914,4.7978,1020.95,,,,,,
rain,0.755555556,-3.027777778,0.87,12.7673,7.3899,1020.93,,,,,,
rain,1.6,-2.138888889,0.85,13.4757,8.0178,1020.8,,,,,,
rain,2.272222222,-1.405555556,0.84,13.9265,7.5992,1020.57,,,,,,
rain,2.677777778,-0.927777778,0.83,14.0231,9.821,1020.29,,,,,,
rain,2.777777778,-0.761111111,0.83,13.7655,8.2432,1020.01,,,,,,
rain,2.588888889,-0.877777778,0.83,13.1698,8.2754,1019.78,,,,,,
rain,2.172222222,-1.211111111,0.83,12.2843,8.9999,1019.66,,,,,,
rain,1.627777778,-1.644444444,0.84,11.2378,6.7942,1019.67,,,,,,
rain,1.055555556,-2.116666667,0.85,10.3362,8.211,1019.79,,,,,,
rain,0.538888889,-2.588888889,0.86,9.7566,8.0178,1020,,,,,,
rain,0.116666667,-3,0.88,9.4185,7.245,1020.25,,,,,,
snow,-0.194444444,-3.322222222,0.89,9.2575,9.5634,1020.47,,,,,,
snow,-0.427777778,-3.583333333,0.91,9.1931,8.4042,1020.63,,,,,,
snow,-0.638888889,-3.822222222,0.92,9.1609,8.8711,1020.69,,,,,,
snow,-0.872222222,-4.083333333,0.94,9.1126,9.7888,1020.67,,,,,,
snow,-1.161111111,-4.394444444,0.95,8.9999,7.3255,1020.59,,,,,,
snow,-1.488888889,-4.75,0.95,8.8711,7.9856,1020.48,,,,,,
snow,-1.822222222,-5.116666667,0.95,8.7906,6.6171,1020.41,,,,,,
snow,-2.077777778,-5.444444444,0.95,8.8711,4.4758,1020.4,,,,,,
snow,-2.177777778,-5.688888889,0.94,9.2736,5.5867,1020.46,,,,,,
snow,-2.05,-5.694444444,0.93,9.821,3.6708,1020.59,,,,,,
snow,-1.655555556,-5.35,0.91,10.2718,4.1055,1020.75,,,,,,
snow,-1.016666667,-4.766666667,0.9,10.9802,5.796,1020.9,,,,,,
snow,-0.194444444,-3.977777778,0.88,11.8335,4.8139,1020.98,,,,,,
rain,0.705555556,-3.072222222,0.87,12.6868,7.3899,1020.96,,,,,,
rain,1.55,-2.194444444,0.85,13.4274,8.0339,1020.83,,,,,,
rain,2.222222222,-1.461111111,0.84,13.8782,7.5992,1020.6,,,,,,
rain,2.622222222,-0.983333333,0.83,13.9909,9.821,1020.32,,,,,,
rain,2.722222222,-0.816666667,0.83,13.7333,8.2593,1020.04,,,,,,
rain,2.538888889,-0.933333333,0.83,13.1215,8.2915,1019.81,,,,,,
rain,2.122222222,-1.261111111,0.83,12.236,9.016,1019.69,,,,,,
rain,1.583333333,-1.694444444,0.84,11.2056,6.7942,1019.7,,,,,,
rain,1.011111111,-2.172222222,0.85,10.3362,8.211,1019.82,,,,,,
rain,0.488888889,-2.644444444,0.86,9.7566,8.0178,1020.03,,,,,,
rain,0.072222222,-3.05,0.88,9.4185,7.245,1020.27,,,,,,
snow,-0.233333333,-3.377777778,0.89,9.2736,9.5795,1020.5,,,,,,
snow,-0.472222222,-3.644444444,0.91,9.2414,8.4042,1020.65,,,,,,
snow,-0.677777778,-3.888888889,0.92,9.2253,8.8711,1020.72,,,,,,
rain,1.244444444,-1.683333333,0.94,9.5151,10.2557,1019.77,,,,,,
rain,0.938888889,-2.05,0.95,9.5312,7.7924,1019.69,,,,,,
rain,0.605555556,-2.438888889,0.95,9.499,8.4364,1019.59,,,,,,
rain,0.3,-2.8,0.95,9.4668,7.0679,1019.51,,,,,,
rain,0.083333333,-3.072222222,0.95,9.5312,4.9266,1019.5,,,,,,
rain,0.038888889,-3.166666667,0.94,9.6922,6.0375,1019.57,,,,,,
rain,0.238888889,-3.022222222,0.93,10.0464,4.1216,1019.7,,,,,,
rain,0.711111111,-2.6,0.91,10.6099,4.5563,1019.86,,,,,,
rain,1.427777778,-1.911111111,0.89,11.3666,6.2307,1020,,,,,,
rain,2.327777778,-1.011111111,0.87,12.2199,5.2486,1020.09,,,,,,
rain,3.288888889,0,0.85,13.0571,7.8246,1020.07,,,,,,
rain,4.183333333,0.966666667,0.84,13.7494,8.4686,1019.94,,,,,,
rain,4.888888889,1.761111111,0.82,14.1519,8.0339,1019.71,,,,,,
rain,5.305555556,2.266666667,0.81,14.2002,10.2557,1019.43,,,,,,
rain,5.4,2.433333333,0.81,13.8782,8.6779,1019.15,,,,,,
rain,5.183333333,2.277777778,0.81,13.2181,8.7101,1018.92,,,,,,
rain,4.722222222,1.866666667,0.81,12.3487,9.4346,1018.8,,,,,,
rain,4.116666667,1.311111111,0.82,11.431,7.2128,1018.81,,,,,,
rain,3.466666667,0.705555556,0.84,10.626,8.6296,1018.93,,,,,,
rain,2.866666667,0.122222222,0.85,10.0303,8.4364,1019.14,,,,,,
rain,2.366666667,-0.383333333,0.87,9.6439,7.6636,1019.39,,,,,,
rain,1.977777778,-0.8,0.89,9.4668,9.982,1019.61,,,,,,
rain,1.672222222,-1.155555556,0.91,9.4346,8.8067,1019.77,,,,,,
rain,1.411111111,-1.483333333,0.93,9.4829,9.2736,1019.84,,,,,,
rain,1.133333333,-1.816666667,0.94,9.5151,10.2074,1019.81,,,,,,
rain,0.827777778,-2.177777778,0.95,9.5151,7.7441,1019.73,,,,,,
rain,0.5,-2.566666667,0.95,9.4829,8.4042,1019.63,,,,,,
rain,0.188888889,-2.927777778,0.95,9.4668,7.0196,1019.55,,,,,,
snow,-0.033333333,-3.2,0.95,9.5151,4.8783,1019.54,,,,,,
snow,-0.077777778,-3.3,0.94,9.6922,5.9892,1019.61,,,,,,
rain,0.116666667,-3.161111111,0.93,10.0303,4.0733,1019.74,,,,,,
rain,0.583333333,-2.75,0.91,10.5938,4.508,1019.9,,,,,,
rain,1.3,-2.066666667,0.89,11.3505,6.1985,1020.05,,,,,,
rain,2.194444444,-1.166666667,0.87,12.2038,5.2003,1020.13,,,,,,
rain,3.15,-0.166666667,0.85,13.0571,7.7924,1020.11,,,,,,
rain,4.044444444,0.8,0.84,13.7333,8.4203,1019.98,,,,,,
rain,4.744444444,1.588888889,0.82,14.1519,7.9856,1019.75,,,,,,
rain,5.161111111,2.088888889,0.82,14.2002,10.2074,1019.47,,,,,,
rain,5.255555556,2.255555556,0.81,13.8943,8.6296,1019.19,,,,,,
rain,5.038888889,2.1,0.81,13.2342,8.6618,1018.96,,,,,,
rain,4.577777778,1.694444444,0.82,12.3648,9.3863,1018.84,,,,,,
rain,3.977777778,1.144444444,0.83,11.4471,7.1806,1018.85,,,,,,
rain,3.333333333,0.538888889,0.84,10.6421,8.5974,1018.97,,,,,,
rain,2.738888889,-0.033333333,0.86,10.0464,8.3881,1019.18,,,,,,
rain,2.244444444,-0.533333333,0.87,9.66,7.6153,1019.43,,,,,,
rain,1.861111111,-0.944444444,0.89,9.4829,9.9337,1019.65,,,,,,
rain,1.561111111,-1.288888889,0.91,9.4346,8.7745,1019.81,,,,,,
rain,1.3,-1.611111111,0.93,9.4829,9.2414,1019.88,,,,,,
rain,1.027777778,-1.944444444,0.94,9.5151,10.1591,1019.85,,,,,,
rain,0.722222222,-2.305555556,0.95,9.5151,7.6958,1019.77,,,,,,
rain,0.394444444,-2.688888889,0.96,9.4829,8.3559,1019.67,,,,,,
rain,0.077777778,-3.055555556,0.96,9.4507,6.9874,1019.59,,,,,,
snow,-0.138888889,-3.327777778,0.95,9.499,4.8461,1019.58,,,,,,
snow,-0.188888889,-3.433333333,0.94,9.6761,5.9409,1019.65,,,,,,
snow,0,-3.3,0.93,10.0303,4.025,1019.78,,,,,,
rain,0.461111111,-2.888888889,0.91,10.5938,4.4597,1019.94,,,,,,
rain,1.172222222,-2.216666667,0.89,11.3344,6.1502,1020.09,,,,,,
rain,2.061111111,-1.327777778,0.87,12.2038,5.1681,1020.17,,,,,,
rain,3.016666667,-0.333333333,0.86,13.0571,7.7441,1020.15,,,,,,
rain,3.905555556,0.627777778,0.84,13.7494,8.372,1020.02,,,,,,
rain,4.605555556,1.411111111,0.83,14.168,7.9534,1019.79,,,,,,
rain,5.022222222,1.911111111,0.82,14.2163,10.1752,1019.51,,,,,,
rain,5.111111111,2.077777778,0.81,13.8943,8.5974,1019.23,,,,,,
rain,4.9,1.927777778,0.81,13.2342,8.6296,1019,,,,,,
rain,4.444444444,1.533333333,0.82,12.3326,9.3541,1018.88,,,,,,
rain,3.844444444,0.988888889,0.83,11.3988,7.1323,1018.89,,,,,,
rain,3.205555556,0.394444444,0.84,10.6099,8.5491,1019.01,,,,,,
rain,2.616666667,-0.183333333,0.86,10.0464,8.3559,1019.22,,,,,,
rain,2.122222222,-0.677777778,0.87,9.6761,7.567,1019.47,,,,,,
rain,1.744444444,-1.088888889,0.89,9.499,9.9015,1019.69,,,,,,
rain,1.45,-1.427777778,0.91,9.4507,8.7262,1019.85,,,,,,
rain,1.188888889,-1.744444444,0.93,9.4829,9.1931,1019.91,,,,,,
rain,0.922222222,-2.066666667,0.94,9.5151,10.1108,1019.89,,,,,,
rain,0.616666667,-2.427777778,0.95,9.499,7.6636,1019.81,,,,,,
rain,0.288888889,-2.811111111,0.96,9.4668,8.3076,1019.71,,,,,,
snow,-0.027777778,-3.177777778,0.96,9.4346,6.9391,1019.63,,,,,,
snow,-0.25,-3.455555556,0.95,9.499,4.7978,1019.62,,,,,,
snow,-0.3,-3.566666667,0.94,9.6761,5.9087,1019.69,,,,,,
snow,-0.111111111,-3.438888889,0.93,10.0303,3.9928,1019.82,,,,,,
rain,0.344444444,-3.033333333,0.91,10.5938,4.4114,1019.98,,,,,,
rain,1.05,-2.366666667,0.89,11.3505,6.1019,1020.12,,,,,,
rain,1.933333333,-1.483333333,0.88,12.2199,5.1198,1020.21,,,,,,
rain,6.822222222,3.983333333,0.96,15.1984,14.49,1003.56,,,,,,
rain,8.35,5.094444444,0.97,22.1214,15.456,1003.38,,,,,,
rain,10.13888889,10.13888889,0.87,22.7493,14.6349,1003.16,,,,,,
rain,10.72777778,10.72777778,0.86,21.091,15.5043,1002.47,,,,,,
rain,12.44444444,12.44444444,0.86,19.4488,15.6009,1001.56,,,,,,
rain,12.46666667,12.46666667,0.76,19.9157,15.2467,1000.82,,,,,,
rain,13.74444444,13.74444444,0.68,30.4451,16.0517,999.81,,,,,,
rain,12.60555556,12.60555556,0.76,21.4613,16.1,998.92,,,,,,
rain,12.1,12.1,0.78,24.4881,15.1823,998.51,,,,,,
rain,12.05555556,12.05555556,0.76,30.4612,10.2557,998.09,,,,,,
rain,12.05555556,12.05555556,0.77,23.2162,9.982,997.01,,,,,,
rain,11.01666667,11.01666667,0.79,21.9926,10.1752,996.38,,,,,,
rain,10.97222222,10.97222222,0.8,23.345,9.982,995.49,,,,,,
rain,12.03888889,12.03888889,0.23,30.7188,15.8263,994.19,,,,,,
rain,11.04444444,11.04444444,0.75,27.9174,14.9569,993.31,,,,,,
rain,10.71666667,10.71666667,0.93,28.2233,15.8263,992.17,,,,,,
rain,8.661111111,4.816666667,0.94,30.3485,14.9086,993.96,,,,,,
rain,7.333333333,4.122222222,0.93,19.1429,14.8764,995.4,,,,,,
rain,6.55,3.883333333,1,13.6367,11.9784,995.41,,,,,,
rain,6.6,3.838888889,0.93,14.2807,9.982,995.93,,,,,,
rain,6.016666667,2.777777778,0.97,16.6957,14.0392,996.78,,,,,,
rain,5.994444444,3.105555556,0.93,14.2807,10.2557,996.91,,,,,,
rain,4.955555556,1.827777778,0.93,14.2807,16.1,997.88,,,,,,
rain,4.944444444,1.616666667,0.95,15.5526,15.1823,998.45,,,,,,
rain,5.927777778,1.961111111,0.96,22.6366,10.2557,999.07,,,,,,
rain,6.044444444,2.966666667,0.93,15.5848,10.2557,999.16,,,,,,
rain,7.383333333,4.583333333,0.9,15.8746,10.5777,1000.16,,,,,,
rain,7.105555556,4.705555556,0.89,12.7351,10.2557,1000.11,,,,,,
rain,7.894444444,5.255555556,0.75,15.5526,10.2557,1000.07,,,,,,
rain,9.894444444,7.344444444,0.72,19.0785,15.5526,1000.03,,,,,,
rain,11.06111111,11.06111111,0.67,17.0499,16.1,999.69,,,,,,
rain,9.972222222,7.85,0.7,15.3755,16.1,1000.17,,,,,,
rain,7.7,5.277777778,0.84,13.685,15.5526,1000.76,,,,,,
rain,6.127777778,3.955555556,0.85,10.3362,16.1,1001.09,,,,,,
rain,6.016666667,4.027777778,0.91,9.3702,15.8263,1001.44,,,,,,
rain,5.033333333,5.033333333,0.91,3.3327,15.1823,1002.22,,,,,,
rain,5.161111111,2.938888889,0.82,9.6761,15.8263,1003.12,,,,,,
rain,5.072222222,2.027777778,0.82,13.8943,16.1,1003.52,,,,,,
rain,5.394444444,3.055555556,0.9,10.4006,15.1823,1004.15,,,,,,
rain,3.311111111,1.7,0.91,6.2951,16.1,1004.93,,,,,,
rain,2.183333333,0.294444444,0.87,6.5849,3.1878,1005.72,,,,,,
rain,1.722222222,-1.333333333,0.92,10.3845,8.6457,1006.38,,,,,,
rain,1.694444444,-1.483333333,0.84,10.8997,10.2557,1006.87,,,,,,
rain,0.727777778,0.727777778,0.94,3.1395,10.2235,1007.35,,,,,,
rain,0.216666667,-1.738888889,0.95,5.957,10.2235,1007.9,,,,,,
rain,0.005555556,-3.4,0.92,10.4167,10.2557,1008.08,,,,,,
rain,0.027777778,-2.666666667,0.96,7.9534,10.2557,1008.19,,,,,,
rain,1.066666667,-2.633333333,0.97,12.6868,8.6457,1008.75,,,,,,
rain,1.161111111,-1.294444444,0.94,7.7924,9.982,1009.21,,,,,,
rain,2.761111111,0.633333333,0.91,7.5992,6.2951,1009.61,,,,,,
rain,5.083333333,1.816666667,0.88,15.3111,10.1752,1010.21,,,,,,
rain,7.622222222,5.344444444,0.72,12.6546,9.982,1010.72,,,,,,
rain,7.622222222,5.644444444,0.76,10.8675,9.982,1010.72,,,,,,
rain,7.683333333,5.833333333,0.69,10.2235,9.982,1010.75,,,,,,
rain,7.644444444,5.477777778,0.69,11.9784,10.3523,1010.7,,,,,,
rain,7.2,5.738888889,0.73,7.9695,9.982,1010.79,,,,,,
rain,5.133333333,2.794444444,0.83,10.1913,15.5526,1011.32,,,,,,
rain,3.916666667,0.905555556,0.82,12.2843,16.1,1011.88,,,,,,
rain,3.916666667,0.594444444,0.89,13.9909,16.1,1012.39,,,,,,
rain,3.8,0.55,0.91,13.4596,10.2235,1013,,,,,,
rain,3.938888889,0.538888889,0.91,14.5061,9.982,1013.49,,,,,,
rain,4.422222222,0.738888889,0.89,17.1304,15.8263,1014.75,,,,,,
rain,3.783333333,0.488888889,0.92,13.685,15.1823,1014.82,,,,,,
rain,2.738888889,-1.427777778,0.91,17.5812,16.1,1014.92,,,,,,
rain,3.25,-0.861111111,0.85,18.0642,16.1,1015.6,,,,,,
rain,3.127777778,-1.133333333,0.84,18.9014,15.1823,1016.07,,,,,,
rain,2.827777778,-1.638888889,0.85,19.8513,16.1,1016.24,,,,,,
rain,3.733333333,-1.155555556,0.74,25.6151,16.1,1016.73,,,,,,
rain,2.527777778,-1.005555556,0.8,13.4435,15.1823,1017.09,,,,,,
rain,2.094444444,-1.394444444,0.8,12.7351,16.1,1017.51,,,,,,
rain,2.094444444,-0.744444444,0.8,9.7888,16.1,1017.71,,,,,,
rain,1.894444444,-2.177777778,0.81,15.6814,10.2235,1018.41,,,,,,
rain,2.044444444,-0.222222222,0.8,7.6797,16.1,1018.82,,,,,,
rain,2.688888889,-0.616666667,0.83,12.4614,16.1,1019.5,,,,,,
rain,5.7,2.655555556,0.73,14.8281,15.5526,1019.82,,,,,,
rain,7.105555556,4.45,0.71,14.4095,16.1,1019.69,,,,,,
rain,7.244444444,5.25,0.64,10.5455,16.1,1019.06,,,,,,
rain,7.888888889,6.677777778,0.6,7.4221,15.5526,1018.15,,,,,,
rain,7.755555556,6.427777778,0.62,7.8085,16.1,1017.49,,,,,,
rain,7.733333333,6.116666667,0.62,9.0965,16.1,1016.98,,,,,,
rain,5.194444444,3.088888889,0.69,9.177,15.1823,1016.69,,,,,,
rain,3.794444444,1.066666667,0.82,10.7709,16.1,1016.25,,,,,,
rain,2.777777778,-0.472222222,0.88,12.2682,16.1,1015.65,,,,,,
rain,3.727777778,0.333333333,0.84,14.1841,15.1823,1015.11,,,,,,
rain,2.705555556,-1.166666667,0.89,15.6331,16.1,1014.47,,,,,,
rain,2.733333333,-1.361111111,0.89,17.066,16.0517,1013.76,,,,,,
rain,2.15,-1.927777778,0.86,16.0839,14.9569,1013.4,,,,,,
rain,2.172222222,-1.538888889,0.86,14.007,15.8263,1012.46,,,,,,
rain,2.244444444,-1.411111111,0.89,13.7655,15.8263,1011.66,,,,,,
rain,2.277777778,-1.694444444,0.9,15.6331,14.9569,1010.63,,,,,,
rain,2.683333333,-0.811111111,0.89,13.4435,15.6492,1009.83,,,,,,
rain,2.661111111,0.988888889,0.9,6.1824,15.6009,1009.98,,,,,,
rain,2.283333333,2.283333333,0.92,3.6708,14.7637,1009.06,,,,,,
rain,2.2,-0.116666667,1,7.9373,9.7083,1008.88,,,,,,
rain,2.222222222,2.222222222,1,4.6046,9.7083,1008.48,,,,,,
rain,2.288888889,1.005555556,0.99,5.0393,8.1466,1007.97,,,,,,
rain,2.222222222,2.222222222,1,3.1878,4.8783,1008.04,,,,,,
rain,2.755555556,2.755555556,1,0,2.5438,1008.1,,,,,,
rain,2.927777778,2.927777778,0.99,3.7996,3.0107,1007.66,,,,,,
rain,2.822222222,0.705555556,0.99,7.6153,6.0214,1007.36,,,,,,
rain,3.838888889,0.7,0.92,12.9122,7.8729,1006.9,,,,,,
rain,3.877777778,-0.455555556,0.92,21.0266,7.3255,1006.66,,,,,,
rain,3.838888889,0.205555556,0.91,15.8263,7.9695,1006.76,,,,,,
rain,3.838888889,1.066666667,0.88,11.0124,9.8532,1007.07,,,,,,
rain,3.777777778,1.411111111,0.88,9.177,9.3702,1007.7,,,,,,
rain,2.222222222,-0.511111111,0.91,9.4668,9.982,1008.15,,,,,,
rain,2.661111111,-0.672222222,0.82,12.558,12.2199,1008.65,,,,,,
rain,1.322222222,-1.855555556,0.85,10.5777,14.8281,1009.35,,,,,,
rain,1.088888889,-3.122222222,0.91,15.3755,16.0517,1009.53,,,,,,
rain,1.038888889,-2.927777778,0.89,14.007,15.8263,1010.13,,,,,,
rain,0.622222222,-3.261111111,0.91,13.1215,15.1501,1011.01,,,,,,
snow,-0.044444444,-4.861111111,0.91,17.3236,16.1,1011.43,,,,,,
snow,-0.694444444,-5.144444444,0.92,14.4578,16.1,1011.74,,,,,,
snow,-0.605555556,-4.111111111,0.89,10.3523,15.1823,1011.72,,,,,,
snow,-1.294444444,-3.7,0.92,6.5044,16.1,1011.84,,,,,,
snow,-0.755555556,-5.044444444,0.85,13.5884,16.1,1011.86,,,,,,
snow,-0.844444444,-4.833333333,0.87,12.1233,15.1823,1012.12,,,,,,
snow,-2.266666667,-6.255555556,0.96,10.9319,16.1,1012.13,,,,,,
snow,-2.311111111,-6.666666667,0.96,12.3487,16.1,1012.32,,,,,,
snow,-2.205555556,-2.205555556,0.88,2.0286,15.1823,1012.31,,,,,,
snow,-2.305555556,-5.472222222,0.88,8.1305,16.1,1012.64,,,,,,
snow,-1.172222222,-2.911111111,0.88,5.0232,16.1,1013.32,,,,,,
rain,0.955555556,-1.894444444,0.79,9.0321,15.1823,1013.41,,,,,,
rain,2.244444444,-1.516666667,0.79,14.3612,16.1,1013.54,,,,,,
rain,2.777777778,-0.611111111,0.76,12.9766,15.8263,1013.44,,,,,,
rain,2.822222222,-0.755555556,0.8,14.0553,9.982,1013.15,,,,,,
rain,2.777777778,-0.861111111,0.76,14.3612,9.982,1012.96,,,,,,
rain,2.244444444,-1.988888889,0.78,17.227,10.2557,1013.57,,,,,,
rain,1.294444444,-2.811111111,0.83,15.0535,10.2235,1014.08,,,,,,
rain,0.066666667,-4.338888889,0.91,15.134,14.9086,1014.39,,,,,,
snow,-0.005555556,-5.211111111,0.91,19.8835,14.812,1014.81,,,,,,
snow,-0.022222222,-5.633333333,0.83,22.7493,14.0875,1014.95,,,,,,
snow,-0.05,-5.677777778,0.82,22.8298,15.8263,1015.03,,,,,,
snow,-0.072222222,-4.833333333,0.82,16.9694,15.8263,1015.22,,,,,,
snow,-0.527777778,-5.438888889,0.84,17.1948,14.9569,1015.26,,,,,,
snow,-0.65,-6.022222222,0.78,19.8674,15.8263,1015.13,,,,,,
snow,-0.605555556,-6.577777778,0.76,24.311,15.8263,1015.21,,,,,,
snow,-1.638888889,-6.777777778,0.84,16.9372,14.9569,1014.79,,,,,,
snow,-1.694444444,-7.35,0.81,19.964,15.8263,1014.79,,,,,,
snow,-2.2,-7.994444444,0.81,19.9801,15.8263,1014.68,,,,,,
snow,-2.227777778,-8.622222222,0.77,24.0373,14.9569,1013.81,,,,,,
snow,-2.761111111,-9.15,0.68,22.9425,16.1,1013.8,,,,,,
snow,-2.805555556,-8.977777778,0.68,21.3808,16.1,1013.78,,,,,,
snow,-2.894444444,-9.411111111,0.67,23.6026,15.5526,1013.38,,,,,,
snow,-3.822222222,-11.47777778,0.74,30.3163,16.1,1013.42,,,,,,
snow,-2.805555556,-9.227777778,0.71,23.1035,16.1,1013.8,,,,,,
snow,-2.761111111,-9.527777778,0.69,25.6956,15.5526,1013.38,,,,,,
snow,-2.755555556,-9.794444444,0.7,27.8852,16.1,1013.31,,,,,,
snow,-2.2,-8.516666667,0.65,23.5382,16.1,1012.89,,,,,,
snow,-2.138888889,-8.922222222,0.66,27.3217,15.5526,1012.39,,,,,,
snow,-2.177777778,-8.877777778,0.68,26.5167,16.1,1012.59,,,,,,
snow,-2.2,-9.083333333,0.66,27.9496,16.1,1012.81,,,,,,
snow,-2.177777778,-8.744444444,0.65,25.4863,15.5526,1013.19,,,,,,
snow,-2.755555556,-10.12777778,0.67,30.751,10.2557,1013.7,,,,,,
snow,-2.755555556,-10.13333333,0.67,30.751,10.2557,1013.83,,,,,,
snow,-2.9,-9.333333333,0.66,22.9747,15.1823,1014.31,,,,,,
snow,-2.827777778,-9.927777778,0.67,28.2072,16.1,1014.84,,,,,,
snow,-3.355555556,-10.58333333,0.7,27.9496,16.1,1015.34,,,,,,
snow,-3.355555556,-10.48333333,0.71,27.1929,15.1823,1015.57,,,,,,
snow,-3.355555556,-10.6,0.76,28.0623,16.1,1015.95,,,,,,
snow,-3.377777778,-10.24444444,0.79,25.116,16.1,1016.33,,,,,,
snow,-3.455555556,-10.21666667,0.73,24.2305,14.9569,1016.3,,,,,,
snow,-3.4,-10.26111111,0.71,25.0033,16.1,1017.03,,,,,,
snow,-3.355555556,-10.58888889,0.7,28.014,16.1,1017.43,,,,,,
snow,-3.361111111,-10.12222222,0.75,24.3593,15.1823,1017.56,,,,,,
snow,-3.888888889,-10.18333333,0.73,20.3504,16.1,1017.84,,,,,,
snow,-3.933333333,-10.46666667,0.73,21.7833,16.1,1018.25,,,,,,
snow,-3.911111111,-10.4,0.72,21.5257,15.1823,1018.95,,,,,,
snow,-3.955555556,-10.21666667,0.73,20.0445,16.1,1019.44,,,,,,
snow,-2.866666667,-9.066666667,0.7,21.4935,16.1,1019.86,,,,,,
snow,-2.238888889,-8.65,0.67,24.1339,10.3523,1020.27,,,,,,
snow,-1.133333333,-7.505555556,0.62,26.2913,9.982,1019.93,,,,,,
snow,-1.111111111,-7.516666667,0.68,26.6294,9.982,1019.6,,,,,,
snow,-0.05,-5.822222222,0.6,23.9407,10.3523,1019.35,,,,,,
snow,-0.022222222,-5.927777778,0.57,25.0999,9.982,1019.1,,,,,,
snow,-0.044444444,-5.522222222,0.57,21.7189,9.982,1019.18,,,,,,
snow,-1.094444444,-5.861111111,0.66,15.617,10.3523,1019.22,,,,,,
snow,-2.222222222,-6.566666667,0.68,12.3809,9.982,1019.48,,,,,,
snow,-2.894444444,-5.983333333,0.71,7.6153,15.8263,1019.87,,,,,,
snow,-3.794444444,-7.966666667,0.75,10.4811,14.9569,1020.18,,,,,,
snow,-5.038888889,-9.111111111,0.81,9.3702,15.8263,1020.47,,,,,,
snow,-5.133333333,-8.138888889,0.84,6.5205,15.8263,1020.76,,,,,,
snow,-3.761111111,-7.95,0.78,10.5616,14.9569,1020.74,,,,,,
snow,-3.694444444,-8.027777778,0.79,11.1251,15.8263,1020.87,,,,,,
snow,-3.716666667,-6.411111111,0.79,6.2951,15.8263,1021.05,,,,,,
snow,-3.827777778,-6.616666667,0.8,6.4722,14.9569,1020.81,,,,,,
snow,-3.788888889,-6.555555556,0.82,6.44,15.8263,1020.75,,,,,,
snow,-4.344444444,-4.344444444,0.84,3.22,15.8263,1020.64,,,,,,
snow,-5.011111111,-5.011111111,0.83,3.1395,14.9569,1020.71,,,,,,
snow,-7.516666667,-7.516666667,0.96,0,15.8263,1020.63,,,,,,
snow,-7.516666667,-7.516666667,0.96,1.4168,15.6975,1020.53,,,,,,
snow,-7.461111111,-7.461111111,0.95,3.7835,9.7888,1020.94,,,,,,
snow,-5.461111111,-5.461111111,0.92,4.7495,6.9069,1021.22,,,,,,
snow,-4.116666667,-8.022222222,0.85,9.3702,7.8729,1021.5,,,,,,
snow,-2.9,-6.311111111,0.78,8.5491,9.0482,1021.54,,,,,,
snow,-1.161111111,-4.505555556,0.63,9.3702,9.982,1021.49,,,,,,
snow,-1.161111111,-4,0.52,7.7602,9.982,1021.19,,,,,,
snow,-0.122222222,-0.122222222,0.5,4.508,15.3111,1020.83,,,,,,
snow,-1.066666667,-1.066666667,0.55,1.4651,15.8263,1020.57,,,,,,
snow,-1.088888889,-3.888888889,0.55,7.6797,15.8263,1020.38,,,,,,
snow,-2.072222222,-5.755555556,0.66,9.9498,15.3111,1020.52,,,,,,
snow,-2.244444444,-5.744444444,0.69,9.2092,9.982,1020.76,,,,,,
snow,-2.266666667,-5.861111111,0.67,9.499,9.982,1020.88,,,,,,
snow,-2.394444444,-5.838888889,0.7,8.9355,9.982,1021.16,,,,,,
snow,-2.333333333,-5.927777778,0.67,9.4668,9.982,1021.19,,,,,,
snow,-2.844444444,-5.438888889,0.72,6.3756,15.8263,1021.48,,,,,,
snow,-3.638888889,-6.183333333,0.79,5.9892,14.5866,1021.7,,,,,,
snow,-3.394444444,-6.088888889,0.78,6.4078,15.8263,1021.68,,,,,,
snow,-5.105555556,-5.105555556,0.96,3.22,9.5634,1027.51,,,,,,
snow,-6.105555556,-8.938888889,0.95,5.8443,9.66,1027.4,,,,,,
snow,-7.166666667,-7.166666667,0.92,3.22,9.6117,1027.2,,,,,,
snow,-7.188888889,-7.188888889,0.92,3.1717,7.8085,1027.39,,,,,,
snow,-6.8,-6.8,0.92,3.3327,2.6404,1027.29,,,,,,
snow,-7.744444444,-11.68333333,1,7.6797,5.8765,1027.18,,,,,,
snow,-7.238888889,-12.17777778,0.88,10.7548,5.8443,1026.91,,,,,,
snow,-6.894444444,-11.50555556,0.89,9.9337,6.4883,1027.26,,,,,,
snow,-7.094444444,-12.35555556,0.89,11.9301,5.8926,1027.28,,,,,,
snow,-5.011111111,-9.05,0.82,9.2897,5.8604,1027.37,,,,,,
snow,-2.955555556,-7.994444444,0.71,14.7959,7.6636,1027.16,,,,,,
snow,-2.266666667,-7.505555556,0.68,16.6313,7.8085,1027.18,,,,,,
snow,-2.222222222,-6.9,0.67,13.8782,9.7566,1026.59,,,,,,
snow,-2.244444444,-6.355555556,0.62,11.4149,10.3523,1026.11,,,,,,
snow,-2.266666667,-7.05,0.61,14.2968,9.982,1025.78,,,,,,
snow,-2.777777778,-8.244444444,0.64,17.2109,11.9784,1025.3,,,,,,
snow,-2.738888889,-8.077777778,0.64,16.5508,9.982,1025.11,,,,,,
snow,-2.85,-8.1,0.68,15.9873,9.982,1025.29,,,,,,
snow,-2.85,-8.027777778,0.68,15.6009,11.9784,1024.92,,,,,,
snow,-2.888888889,-7.677777778,0.69,13.7011,11.6886,1024.9,,,,,,
snow,-3.938888889,-9.455555556,0.74,16.0034,11.9784,1024.52,,,,,,
snow,-3.938888889,-9.1,0.74,14.3129,14.9086,1024.32,,,,,,
snow,-3.972222222,-9.177777778,0.72,14.4739,14.168,1023.98,,,,,,
snow,-4.494444444,-10.38333333,0.74,17.2109,14.9086,1023.92,,,,,,
snow,-5.044444444,-7.983333333,0.81,6.3917,16.0517,1021.46,,,,,,
snow,-6.127777778,-10.75555556,0.82,10.4489,15.1501,1021.17,,,,,,
snow,-6.688888889,-12.36666667,0.84,13.8299,15.9229,1020.81,,,,,,
snow,-7.222222222,-7.222222222,0.8,3.3005,15.8263,1020.98,,,,,,
snow,-6.8,-12.08333333,0.79,12.236,14.9569,1020.54,,,,,,
snow,-6.133333333,-11.68333333,0.75,13.8299,15.8263,1020.47,,,,,,
snow,-6.155555556,-11.33333333,0.81,12.3648,15.8263,1020.08,,,,,,
snow,-6.316666667,-10.61111111,0.88,9.3058,11.6886,1019.87,,,,,,
snow,-6.222222222,-10.5,0.88,9.3058,11.9784,1020.26,,,,,,
snow,-5.044444444,-10.33888889,0.81,13.7977,11.9784,1020.19,,,,,,
snow,-3.927777778,-8.794444444,0.78,13.0571,11.6886,1020.36,,,,,,
snow,-2.222222222,-6.577777778,0.69,12.4453,11.9784,1020.08,,,,,,
snow,-1.088888889,-4.416666667,0.68,9.3702,15.8263,1019.47,,,,,,
rain,0.1,-2.372222222,0.62,7.2933,15.3111,1019.02,,,,,,
rain,0.094444444,0.094444444,0.62,3.1395,15.8263,1018.69,,,,,,
rain,1.061111111,-1.783333333,0.58,9.0643,15.8263,1018.68,,,,,,
snow,-0.883333333,-3.838888889,0.73,8.2593,12.8478,1018.42,,,,,,
snow,-2.127777778,-2.127777778,0.86,3.3649,8.1305,1018.53,,,,,,
snow,-2.266666667,-2.266666667,0.87,3.1556,8.1305,1019.1,,,,,,
snow,-2.822222222,-2.822222222,0.91,4.7495,7.1323,1019.02,,,,,,
snow,-3.883333333,-7.794444444,0.91,9.5473,6.1663,1019.22,,,,,,
snow,-3.394444444,-6.133333333,0.85,6.5205,6.1985,1019.42,,,,,,
snow,-4.255555556,-4.255555556,0.91,2.6887,6.0858,1019.63,,,,,,
snow,-4.416666667,-4.416666667,0.91,3.22,6.118,1019.6,,,,,,
snow,-3.883333333,-3.883333333,0.87,3.4132,6.2951,1019.7,,,,,,
snow,-3.916666667,-3.916666667,0.88,3.1234,5.957,1019.83,,,,,,
snow,-3.927777778,-3.927777778,0.88,3.059,8.1305,1019.82,,,,,,
snow,-3.95,-3.95,0.88,3.3488,8.1305,1019.9,,,,,,
snow,-3.905555556,-6.461111111,0.88,5.9248,5.8282,1020.02,,,,,,
snow,-4.9,-8.816666667,0.91,8.9677,6.2951,1020.2,,,,,,
snow,-3.927777778,-6.233333333,0.85,5.4096,6.1663,1020.68,,,,,,
snow,-3.872222222,-3.872222222,0.85,3.0268,4.7173,1020.93,,,,,,
snow,-3.855555556,-3.855555556,0.92,4.5402,6.0214,1021.7,,,,,,
snow,-1.244444444,-1.244444444,0.82,3.3166,8.05,1022.3,,,,,,
snow,-0.038888889,-3.544444444,0.8,10.7709,6.7298,1022.86,,,,,,
rain,0.022222222,-4.272222222,0.91,14.49,7.2128,1023.42,,,,,,
rain,1.133333333,-3.4,0.84,17.388,9.982,1023.63,,,,,,
rain,1.127777778,-3.922222222,0.76,20.8978,9.4507,1023.66,,,,,,
rain,1.155555556,-3.888888889,0.68,20.8817,9.982,1024.13,,,,,,
rain,1.111111111,-3.944444444,0.63,20.8978,9.982,1024.75,,,,,,
rain,0.055555556,-5.4,0.67,21.7672,10.3523,1025.62,,,,,,
snow,-1.183333333,-4.644444444,0.86,9.7727,10.2557,1026.77,,,,,,
snow,-2.322222222,-7.122222222,0.69,14.3451,10.2557,1027.95,,,,,,
snow,-1.433333333,-5.833333333,0.64,13.4274,10.1752,1028.79,,,,,,
snow,-2.433333333,-7.227777778,0.69,14.2002,15.134,1029.65,,,,,,
snow,-2.505555556,-7.277777778,0.7,14.0231,14.9086,1030.44,,,,,,
snow,-4.072222222,-8.927777778,0.78,12.8478,14.168,1031.02,,,,,,
snow,-5.761111111,-8.861111111,0.84,6.4883,14.9086,1031.64,,,,,,
snow,-6.894444444,-10.17777778,0.88,6.5044,14.9086,1032.15,,,,,,
snow,-6.611111111,-9.338888889,0.88,5.4901,14.168,1032.5,,,,,,
snow,-7.427777778,-10.78333333,0.88,6.4883,14.9086,1032.95,,,,,,
snow,-7.955555556,-7.955555556,0.92,2.9463,14.812,1033.15,,,,,,
snow,-8.216666667,-8.216666667,0.91,3.1395,14.0875,1033.4,,,,,,
snow,-9.066666667,-9.066666667,0.92,1.8837,14.812,1033.84,,,,,,
snow,-9.138888889,-9.138888889,0.92,1.6583,6.1985,1034.24,,,,,,
snow,-9.777777778,-9.777777778,0.92,3.1395,5.3452,1034.9,,,,,,
snow,-10.13333333,-10.13333333,0.92,3.1878,7.9051,1035.72,,,,,,
snow,-6.205555556,-6.205555556,0.89,4.6529,8.8872,1036.12,,,,,,
snow,-3.933333333,-3.933333333,0.79,3.1556,9.9015,1036.42,,,,,,
snow,-2.222222222,-2.222222222,0.75,1.4007,15.8263,1036.6,,,,,,
snow,-1.161111111,-1.161111111,0.63,4.5885,15.8263,1036.3,,,,,,
rain,0.844444444,0.844444444,0.53,1.9803,9.982,1035.89,,,,,,
rain,0.972222222,0.972222222,0.54,2.9946,9.982,1035.51,,,,,,
rain,0.95,0.95,0.51,0.1449,10.2557,1035.9,,,,,,
snow,-1.055555556,-1.055555556,0.58,0.7245,10.2235,1035.93,,,,,,
snow,-2.266666667,-4.127777778,0.68,4.9749,16.0517,1036.31,,,,,,
snow,-2.894444444,-6.561111111,0.71,9.3541,15.134,1036.8,,,,,,
snow,-4.005555556,-7.227777778,0.77,7.4704,11.6886,1037.19,,,,,,
snow,-5.227777778,-8.783333333,0.84,7.7924,6.1985,1037.43,,,,,,
snow,-5.294444444,-8.172222222,0.84,6.1663,6.1985,1037.72,,,,,,
snow,-5.922222222,-8.855555556,0.92,6.0858,3.9445,1037.98,,,,,,
snow,-6.888888889,-10,0.96,6.1502,3.9767,1038.01,,,,,,
snow,-7.494444444,-7.494444444,1,4.6046,0.7728,1038.01,,,,,,
snow,-7.755555556,-7.755555556,0.95,3.1395,1.0787,1037.93,,,,,,
snow,-1.75,-4.027777778,0.96,6.0214,3.1395,1035.1,,,,,,
snow,-1.75,-4.233333333,0.96,6.5205,2.9624,1035.26,,,,,,
snow,-1.727777778,-5.577777778,0.96,10.8031,3.8801,1034.87,,,,,,
snow,-1.772222222,-5.538888889,0.96,10.4489,3.5259,1034.51,,,,,,
snow,-2.238888889,-5.755555556,0.99,9.2575,2.737,1034.18,,,,,,
snow,-2.261111111,-6.283333333,1,11.0446,3.8801,1033.67,,,,,,
snow,-2.322222222,-6.227777778,0.97,10.5616,2.6404,1033.69,,,,,,
snow,-2.244444444,-6.261111111,0.93,11.0607,2.9302,1033.28,,,,,,
snow,-1.155555556,-5.627777778,0.89,14.0231,4.7817,1033.27,,,,,,
snow,-0.188888889,-4.35,0.87,13.5562,5.313,1033.03,,,,,,
rain,0.05,-4.438888889,0.92,15.5687,6.8264,1032.76,,,,,,
rain,2.105555556,-1.85,0.8,15.295,4.9105,1031.98,,,,,,
rain,1.827777778,-2.277777778,0.86,15.7941,4.7978,1031.27,,,,,,
rain,2.2,-1.483333333,0.86,13.8621,4.9105,1030.47,,,,,,
rain,2.733333333,-0.805555556,0.89,13.7333,3.4615,1030.05,,,,,,
rain,2.272222222,-0.955555556,0.92,11.6242,3.1395,1029.51,,,,,,
rain,2.222222222,-1.166666667,0.92,12.3648,2.9624,1029.19,,,,,,
rain,2.15,-1.216666667,0.93,12.2038,2.9624,1028.68,,,,,,
rain,1.188888889,-1.961111111,0.99,10.3201,1.6261,1028.39,,,,,,
rain,1.183333333,-1.716666667,1,9.3541,1.4329,1028,,,,,,
rain,1.183333333,-0.638888889,0.96,5.9731,1.449,1027.8,,,,,,
rain,1.138888889,-1.661111111,0.99,8.9516,0.5152,1027.54,,,,,,
rain,1.183333333,-0.677777778,1,6.0697,0.322,1027.31,,,,,,
rain,1.133333333,-0.716666667,1,6.0375,0.322,1027.02,,,,,,
rain,1.238888889,-0.477777778,0.99,5.7316,0.5635,1026.68,,,,,,
rain,2.172222222,2.172222222,1,3.2039,0.322,1027.11,,,,,,
rain,2.194444444,0.355555556,1,6.44,0.322,1027.2,,,,,,
rain,1.588888889,1.588888889,1,3.2844,0.4669,1026.75,,,,,,
rain,2.172222222,-0.183333333,1,8.05,0.322,1027.23,,,,,,
rain,2.15,2.15,0.93,1.3846,0.322,1027.6,,,,,,
rain,2.066666667,2.066666667,1,0.2093,0.1449,1027.84,,,,,,
rain,2.15,2.15,1,4.3309,0.161,1028.8,,,,,,
rain,2.172222222,0.955555556,1,4.8461,1.2558,1029.13,,,,,,
rain,2.377777778,2.377777778,0.99,4.6046,1.3524,1029.85,,,,,,
rain,2.777777778,2.777777778,1,2.9463,1.9642,1030.16,,,,,,
rain,2.883333333,1.727777778,1,4.9266,2.5438,1029.32,,,,,,
rain,4.061111111,4.061111111,0.92,4.4597,3.3005,1029.32,,,,,,
rain,4.038888889,2.122222222,0.92,7.6314,3.9606,1029.56,,,,,,
rain,3.994444444,2.016666667,0.99,7.8246,4.83,1029.4,,,,,,
rain,3.905555556,2.138888889,0.93,7.0518,4.3148,1029.68,,,,,,
rain,3.816666667,2.811111111,0.93,4.8783,3.3971,1029.58,,,,,,
rain,2.755555556,0.566666667,1,7.8246,0.322,1029.48,,,,,,
rain,2.755555556,1.572222222,1,4.9588,0.2093,1029.66,,,,,,
rain,2.661111111,-0.277777778,0.96,10.6904,0.161,1029.89,,,,,,
rain,2.15,-0.905555556,1,10.7709,0.161,1030.18,,,,,,
rain,2.15,-0.911111111,0.97,10.7709,0.1449,1029.9,,,,,,
rain,1.666666667,-1.522222222,1,10.9158,0.161,1029.87,,,,,,
rain,1.577777778,-1.711111111,1,11.27,0.161,1029.68,,,,,,
rain,1.588888889,-1.494444444,0.97,10.3845,0.1449,1029.58,,,,,,
rain,1.605555556,-1.566666667,1,10.7709,0.161,1029.29,,,,,,
rain,1.622222222,-2.183333333,1,13.846,0.161,1029.08,,,,,,
rain,1.511111111,-1.594444444,1,10.4328,0.1449,1028.55,,,,,,
rain,1.088888889,-1.444444444,1,8.0017,0.161,1028.11,,,,,,
rain,1.066666667,-1.783333333,1,9.0965,0.161,1028.18,,,,,,
rain,3.183333333,0.061111111,0.85,12.0589,0.1449,1027.96,,,,,,
rain,6.65,4.472222222,1,10.8836,0.161,1028.2,,,,,,
rain,2.572222222,-0.1,1,9.499,0.161,1028.21,,,,,,
rain,3.883333333,1.527777778,0.99,9.2092,0.161,1028.45,,,,,,
rain,1.983333333,-0.766666667,0.96,9.3541,0.161,1028.4,,,,,,
rain,2.511111111,-0.2,1,9.6117,0.161,1027.7,,,,,,
rain,4.144444444,2.205555556,0.93,7.7763,0.7567,1026.57,,,,,,
rain,3.911111111,3.911111111,1,3.1717,0.3703,1025.97,,,,,,
rain,3.911111111,1.927777778,1,7.7924,0.2093,1025.66,,,,,,
rain,4.016666667,1.661111111,1,9.3219,0.1932,1025.59,,,,,,
rain,3.794444444,1.866666667,1,7.5509,0.0322,1025.48,,,,,,
rain,2.711111111,0.044444444,1,9.5634,0,1025.8,,,,,,
rain,2.177777778,0.333333333,1,6.4561,0,1025.94,,,,,,
rain,1.094444444,-1.361111111,1,7.7602,0,1025.53,,,,,,
rain,0.533333333,0.533333333,1,3.1234,0.161,1025.79,,,,,,
rain,0.094444444,-1.644444444,1,5.3935,0.0161,1025.75,,,,,,
snow,-0.577777778,-4.144444444,1,10.5938,0.161,1025.4,,,,,,
snow,-0.6,-2.766666667,1,6.1663,0.161,1025.48,,,,,,
snow,-0.416666667,-2.127777778,0.97,5.1842,0.4025,1025.42,,,,,,
snow,-0.533333333,-4.083333333,1,10.5616,1.288,1025.37,,,,,,
snow,-0.005555556,-2.077777778,1,6.1663,1.2719,1024.98,,,,,,
snow,-0.027777778,-1.861111111,1,5.5706,1.3524,1024.79,,,,,,
rain,0.988888889,-1.877777778,1,9.0965,1.8837,1024.38,,,,,,
rain,1.061111111,-2.161111111,1,10.5455,2.9785,1024.39,,,,,,
rain,7.255555556,7.255555556,0.86,4.6851,4.4436,1028.84,,,,,,
rain,6.488888889,6.488888889,0.9,3.059,4.3792,1029.47,,,,,,
rain,3.994444444,3.994444444,0.99,1.8837,1.9159,1029.93,,,,,,
rain,2.772222222,2.772222222,1,2.9463,1.5778,1030.73,,,,,,
rain,0.338888889,0.338888889,0.99,0.2898,0.161,1031.29,,,,,,
snow,-1.066666667,-3.916666667,1,7.8246,0.0322,1031.41,,,,,,
snow,-0.944444444,-0.944444444,1,3.2683,0.1932,1031.91,,,,,,
snow,-1.322222222,-3.383333333,1,5.6833,0.2093,1032.18,,,,,,
snow,-1.544444444,-3.977777778,1,6.4722,0.1932,1032.17,,,,,,
snow,-4.566666667,-9.866666667,0.72,14.2968,14.9086,1023.53,,,,,,
snow,-4.538888889,-9.283333333,0.75,12.0106,14.168,1022.77,,,,,,
snow,-4.588888889,-9.211111111,0.74,11.5115,14.9086,1022.21,,,,,,
snow,-7.266666667,-12.72777778,0.95,12.5258,2.4955,1004.98,,,,,,
snow,-7.244444444,-11.16111111,0.96,7.8246,2.5921,1004.09,,,,,,
snow,-7.144444444,-11.21111111,0.95,8.2593,2.737,1003.77,,,,,,
snow,-6.183333333,-9.911111111,0.88,7.8246,6.118,1003.41,,,,,,
snow,-6.183333333,-9.888888889,0.88,7.7763,7.9051,1002.72,,,,,,
snow,-6.138888889,-9.911111111,0.89,7.9695,9.4346,1002.18,,,,,,
snow,-6.161111111,-9.905555556,0.89,7.889,9.8049,1001.44,,,,,,
snow,-5.65,-8.716666667,0.85,6.4722,9.7083,1001.82,,,,,,
snow,-5.705555556,-5.705555556,0.89,3.0751,9.8371,1002.12,,,,,,
snow,-5.672222222,-5.672222222,0.89,3.0107,8.0017,1002.43,,,,,,
snow,-5.672222222,-5.672222222,0.88,3.0751,8.05,1002.53,,,,,,
snow,-5.622222222,-5.622222222,0.89,2.4472,7.5509,1002.67,,,,,,
snow,-5.672222222,-5.672222222,0.92,3.22,5.1359,1003.14,,,,,,
snow,-5.65,-5.65,0.92,3.22,5.1359,1003.82,,,,,,
snow,-5.572222222,-5.572222222,0.92,2.8497,5.7799,1003.83,,,,,,
snow,-5.138888889,-5.138888889,0.85,4.83,5.0393,1003.8,,,,,,
snow,-5.094444444,-5.094444444,0.85,3.4132,4.9427,1004.21,,,,,,
snow,-5.044444444,-5.044444444,0.86,3.4132,5.6189,1004.69,,,,,,
snow,-5.116666667,-5.116666667,0.92,3.2039,3.9606,1004.39,,,,,,
snow,-5.072222222,-9.1,0.92,9.2092,3.542,1005,,,,,,
snow,-4.005555556,-7.872222222,0.92,9.3219,4.3792,1005.55,,,,,,
snow,-3.938888889,-7.794444444,0.92,9.338,3.1395,1005.7,,,,,,
snow,-2.872222222,-6.461111111,0.92,9.1126,2.4955,1005.77,,,,,,
snow,-2.788888889,-6.438888889,0.92,9.3863,1.932,1005.35,,,,,,
snow,-2.827777778,-6.022222222,1,7.9534,1.2719,1005.38,,,,,,
snow,-2.294444444,-6.294444444,0.96,10.948,0.9499,1006.05,,,,,,
snow,-2.25,-5.9,0.96,9.7083,0.8855,1005.83,,,,,,
snow,-2.266666667,-5.794444444,1,9.2897,0.644,1005.8,,,,,,
snow,-2.244444444,-2.244444444,1,3.1878,0.7889,1006.3,,,,,,
snow,-2.144444444,-5.938888889,1,10.2879,1.7388,1006.7,,,,,,
snow,-1.183333333,-2.961111111,0.93,5.0876,3.3971,1006.61,,,,,,
snow,-1.183333333,-3.538888889,0.96,6.4078,3.864,1006.5,,,,,,
snow,-1.283333333,-3.888888889,0.93,7.0196,5.1359,1006.5,,,,,,
snow,-1.694444444,-5.627777778,0.96,11.1734,5.8604,1006.12,,,,,,
snow,-1.238888889,-5.1,0.92,11.27,5.8604,1007.5,,,,,,
snow,-1.244444444,-5.605555556,0.93,13.3952,5.2647,1005.71,,,,,,
snow,-1.672222222,-6.2,0.96,13.7494,5.9087,1006.22,,,,,,
snow,-1.211111111,-5.633333333,0.96,13.7333,5.9248,1006.04,,,,,,
snow,-1.144444444,-4.922222222,0.96,10.9802,5.5223,1006.04,,,,,,
snow,-1.211111111,-5.655555556,0.93,13.8621,4.8461,1005.99,,,,,,
snow,-1.211111111,-4.622222222,0.93,9.5795,3.9284,1005.72,,,,,,
snow,-1.172222222,-4.816666667,0.93,10.465,2.9946,1005.66,,,,,,
snow,-2.177777778,-7.255555556,0.96,15.8746,2.9624,1005.74,,,,,,
snow,-1.161111111,-5.894444444,0.93,15.3594,5.8926,1005.63,,,,,,
snow,-0.955555556,-5.027777778,0.93,12.3809,4.7012,1005.4,,,,,,
snow,-1.138888889,-5.255555556,0.93,12.4131,2.9785,1005.43,,,,,,
snow,-0.05,-3.666666667,0.86,11.2378,3.8962,1003.87,,,,,,
snow,-0.05,-3.9,0.93,12.2521,3.1395,1003.58,,,,,,
snow,-0.094444444,-4.072222222,0.93,12.7995,3.4454,1002.94,,,,,,
snow,-0.094444444,-4.022222222,0.93,12.558,2.5116,1002.46,,,,,,
rain,0.027777778,-3.705555556,0.93,11.8174,1.8193,1002.53,,,,,,
snow,-0.094444444,-4.322222222,0.93,14.007,1.449,1001.66,,,,,,
snow,-0.05,-4.805555556,0.92,16.9855,1.7549,1000.74,,,,,,
snow,-0.011111111,-4.177777778,0.93,13.8138,2.737,999.92,,,,,,
snow,-0.05,-4.572222222,0.93,15.617,1.8998,999.66,,,,,,
snow,-0.022222222,-4.772222222,0.96,16.9694,1.8998,998.89,,,,,,
rain,0.033333333,-5,0.93,18.7887,2.9463,998.29,,,,,,
snow,0,-4.261111111,0.93,14.2968,1.8998,998.37,,,,,,
snow,-0.022222222,-3.511111111,0.96,10.7548,1.288,997.99,,,,,,
rain,0.011111111,-3.627777778,0.97,11.3988,1.6261,997.31,,,,,,
snow,0,-3.494444444,0.96,10.787,1.4168,997.29,,,,,,
snow,0,-4.272222222,0.96,14.3451,1.4329,997.12,,,,,,
rain,0.05,-4.022222222,0.97,13.3791,2.0286,997.09,,,,,,
snow,-0.022222222,-4.211111111,1,13.8943,3.8801,997.03,,,,,,
snow,-0.022222222,-3.588888889,1,11.0607,2.9785,997.24,,,,,,
rain,0.027777778,-3.955555556,0.99,12.9605,2.0447,997.81,,,,,,
snow,0,-4.75,1,17.0016,1.932,998.51,,,,,,
snow,0,-4.155555556,1,13.7655,1.9803,999.29,,,,,,
rain,0.077777778,-4,0.99,13.4757,2.1413,999.76,,,,,,
